ir_led1,ir_led2
-104492, -98083
-104354, -98126
-103693, -98162
-102865, -98194
-102365, -98196
-102147, -98201
-102185, -98207
-102323, -98230
-102435, -98260
-102488, -98294
-102594, -98337
-102794, -98374
-103075, -98399
-103420, -98419
-103838, -98459
-104226, -98487
-104573, -98444
-104808, -98327
-104944, -98243
-105101, -98213
-105185, -98209
-105246, -98233
-105152, -98270
-104777, -98284
-104369, -98303
-103998, -98309
-103863, -98318
-103939, -98354
-104084, -98364
-104170, -98404
-104223, -98435
-104227, -98454
-104239, -98476
-104255, -98503
-104302, -98537
-104352, -98564
-104411, -98522
-104456, -98405
-104495, -98308
-104561, -98274
-104616, -98270
-104663, -98284
-104545, -98325
-104174, -98352
-103649, -98348
-103341, -98352
-103240, -98370
-103320, -98400
-103485, -98400
-103612, -98415
-103664, -98460
-103661, -98468
-103686, -98469
-103735, -98499
-103810, -98526
-103880, -98513
-103980, -98418
-104059, -98310
-104133, -98262
-104195, -98243
-104266, -98264
-104325, -98295
-104289, -98327
-103964, -98322
-103432, -98316
-103007, -98315
-102904, -98329
-103003, -98351
-103176, -98375
-103319, -98398
-103348, -98425
-103380, -98442
-103385, -98467
-103404, -98492
-103485, -98454
-103567, -98321
-103680, -98254
-103790, -98214
-103879, -98210
-103962, -98247
-104062, -98276
-104141, -98291
-104051, -98294
-103645, -98303
-103145, -98320
-102821, -98330
-102807, -98357
-102908, -98378
-103115, -98403
-103231, -98433
-103251, -98459
-103274, -98489
-103301, -98465
-103348, -98357
-103389, -98252
-103465, -98214
-103548, -98209
-103652, -98221
-103744, -98266
-103834, -98294
-103619, -98282
-103113, -98287
-102655, -98306
-102525, -98308
-102612, -98318
-102783, -98360
-102952, -98382
-103022, -98411
-103041, -98421
-103051, -98454
-103088, -98429
-103153, -98335
-103256, -98235
-103341, -98180
-103425, -98173
-103510, -98193
-103590, -98222
-103653, -98235
-103585, -98233
-103191, -98239
-102637, -98233
-102332, -98238
-102349, -98259
-102517, -98267
-102674, -98283
-102831, -98306
-102893, -98333
-102893, -98319
-102921, -98261
-102979, -98136
-103074, -98084
-103159, -98075
-103259, -98099
-103339, -98119
-103435, -98140
-103502, -98147
-103507, -98144
-103198, -98143
-102662, -98163
-102306, -98170
-102277, -98182
-102395, -98209
-102584, -98214
-102755, -98247
-102836, -98240
-102836, -98176
-102839, -98083
-102883, -98032
-102988, -98004
-103090, -98013
-103162, -98050
-103258, -98084
-103345, -98080
-103402, -98077
-103276, -98099
-102797, -98096
-102335, -98127
-102178, -98158
-102283, -98171
-102444, -98200
-102643, -98232
-102725, -98256
-102744, -98227
-102731, -98131
-102764, -98044
-102828, -97998
-102909, -97985
-102979, -98016
-103050, -98042
-103143, -98059
-103229, -98070
-103173, -98080
-102724, -98096
-102188, -98111
-102000, -98138
-102063, -98164
-102190, -98200
-102395, -98238
-102527, -98240
-102553, -98278
-102572, -98318
-102601, -98280
-102690, -98212
-102772, -98112
-102869, -98059
-102964, -98032
-103051, -98040
-103138, -98089
-103185, -98120
-102963, -98126
-102375, -98134
-101951, -98143
-101871, -98154
-101958, -98185
-102104, -98208
-102310, -98239
-102402, -98274
-102421, -98296
-102437, -98316
-102484, -98330
-102579, -98365
-102691, -98383
-102774, -98338
-102934, -98236
-103019, -98158
-103112, -98137
-103187, -98122
-103108, -98145
-102644, -98189
-102075, -98204
-101864, -98206
-101913, -98218
-102034, -98230
-102221, -98242
-102375, -98281
-102442, -98293
-102435, -98329
-102474, -98343
-102560, -98374
-102657, -98400
-102759, -98428
-102846, -98368
-102941, -98267
-103007, -98203
-103061, -98164
-103119, -98163
-103228, -98186
-103251, -98230
-103082, -98269
-102508, -98267
-102008, -98258
-101890, -98294
-101966, -98306
-102127, -98323
-102330, -98356
-102443, -98379
-102470, -98411
-102465, -98429
-102498, -98456
-102595, -98487
-102683, -98502
-102779, -98465
-102871, -98366
-102934, -98271
-103003, -98234
-103078, -98220
-103137, -98231
-103068, -98275
-102610, -98311
-102051, -98322
-101841, -98319
-101888, -98351
-102051, -98346
-102233, -98382
-102389, -98397
-102444, -98419
-102448, -98440
-102461, -98470
-102540, -98478
-102639, -98500
-102730, -98533
-102821, -98521
-102904, -98426
-102965, -98324
-103031, -98281
-103096, -98258
-103175, -98280
-103191, -98314
-102841, -98347
-102216, -98355
-101849, -98367
-101823, -98375
-101929, -98404
-102104, -98424
-102286, -98444
-102389, -98466
-102383, -98489
-102382, -98521
-102476, -98535
-102557, -98560
-102646, -98574
-102761, -98482
-102826, -98368
-102903, -98337
-102972, -98299
-103040, -98310
-103102, -98358
-103159, -98384
-103022, -98382
-102472, -98387
-101960, -98400
-101835, -98409
-101919, -98432
-102068, -98458
-102271, -98484
-102404, -98520
-102446, -98555
-102459, -98585
-102502, -98629
-102598, -98641
-102695, -98663
-102812, -98684
-102885, -98670
-102975, -98559
-103075, -98455
-103148, -98400
-103244, -98404
-102870, -98408
-102313, -98455
-102027, -98483
-102050, -98454
-102186, -98452
-102369, -98464
-102538, -98472
-102636, -98484
-102650, -98501
-102668, -98528
-102760, -98547
-102854, -98569
-102972, -98587
-103072, -98601
-103179, -98610
-103257, -98604
-103349, -98540
-103420, -98415
-103504, -98332
-103597, -98323
-103668, -98326
-103616, -98366
-103251, -98385
-102659, -98371
-102403, -98380
-102449, -98349
-102569, -98350
-102756, -98370
-102934, -98383
-103022, -98383
-103058, -98392
-103071, -98410
-103147, -98413
-103205, -98411
-103333, -98354
-103427, -98254
-103500, -98187
-103590, -98180
-103651, -98191
-103735, -98215
-103810, -98245
-103881, -98252
-103738, -98244
-103312, -98244
-102867, -98260
-102725, -98280
-102810, -98310
-102976, -98326
-103172, -98346
-103279, -98378
-103310, -98394
-103297, -98386
-103322, -98343
-103374, -98245
-103458, -98134
-103526, -98143
-103604, -98142
-103696, -98170
-103774, -98197
-103839, -98228
-103797, -98224
-103436, -98233
-102929, -98250
-102688, -98288
-102728, -98326
-102855, -98368
-103046, -98395
-103178, -98429
-103219, -98463
-103201, -98499
-103209, -98526
-103279, -98536
-103344, -98498
-103432, -98370
-103508, -98284
-103545, -98284
-103643, -98305
-103709, -98317
-103678, -98372
-103345, -98385
-102771, -98378
-102422, -98397
-102416, -98415
-102526, -98443
-102676, -98476
-102856, -98510
-102956, -98540
-103007, -98576
-103010, -98595
-103086, -98626
-103188, -98657
-103281, -98692
-103386, -98719
-103481, -98719
-103566, -98619
-103629, -98482
-103727, -98429
-103824, -98425
-103832, -98444
-103561, -98470
-102960, -98500
-102445, -98494
-102520, -98487
-102647, -98514
-102839, -98552
-102968, -98566
-103019, -98613
-103034, -98655
-103074, -98682
-103157, -98721
-103270, -98748
-103372, -98779
-103478, -98810
-103580, -98827
-103673, -98843
-103748, -98828
-103814, -98724
-103916, -98600
-103982, -98542
-103970, -98549
-103555, -98565
-102922, -98604
-102555, -98641
-102518, -98643
-102639, -98649
-102809, -98652
-102966, -98685
-103070, -98712
-103063, -98742
-103076, -98785
-103144, -98787
-103227, -98823
-103352, -98846
-103457, -98876
-103560, -98889
-103656, -98916
-103766, -98879
-103827, -98764
-103922, -98652
-103992, -98621
-104081, -98627
-104088, -98631
-103720, -98677
-103059, -98693
-102630, -98685
-102586, -98663
-102699, -98656
-102878, -98674
-103048, -98710
-103128, -98722
-103170, -98758
-103153, -98785
-103208, -98788
-103300, -98805
-103397, -98813
-103503, -98821
-103615, -98730
-103701, -98615
-103774, -98516
-103844, -98498
-103929, -98513
-104008, -98549
-104039, -98580
-103742, -98599
-103106, -98574
-102673, -98576
-102615, -98589
-102744, -98612
-102927, -98632
-103090, -98663
-103169, -98691
-103172, -98734
-103167, -98758
-103203, -98776
-103272, -98789
-103389, -98777
-103508, -98686
-103569, -98545
-103657, -98484
-103732, -98468
-103779, -98487
-103849, -98503
-103838, -98539
-103443, -98543
-102812, -98538
-102429, -98540
-102404, -98554
-102536, -98592
-102728, -98623
-102904, -98654
-102961, -98696
-102967, -98724
-102961, -98739
-103034, -98773
-103111, -98768
-103221, -98760
-103320, -98638
-103414, -98503
-103481, -98427
-103585, -98422
-103641, -98427
-103743, -98468
-103692, -98478
-102553, -98484
-102212, -98465
-102207, -98459
-102325, -98518
-102502, -98522
-102664, -98573
-102732, -98593
-102747, -98616
-102752, -98648
-102830, -98659
-102912, -98708
-103008, -98709
-103118, -98728
-103226, -98651
-103293, -98515
-103382, -98421
-103463, -98395
-103550, -98406
-103538, -98425
-103117, -98460
-102441, -98462
-102049, -98431
-102024, -98421
-102147, -98440
-102327, -98452
-102489, -98473
-102591, -98498
-102583, -98503
-102598, -98526
-102662, -98557
-102764, -98539
-102877, -98483
-102986, -98363
-103092, -98263
-103182, -98267
-103254, -98251
-103334, -98277
-103416, -98310
-103484, -98317
-103309, -98297
-102732, -98280
-102165, -98289
-102013, -98324
-102108, -98335
-102273, -98345
-102457, -98379
-102567, -98386
-102580, -98395
-102537, -98360
-102609, -98256
-102679, -98146
-102777, -98110
-102881, -98104
-102975, -98117
-103057, -98176
-103163, -98222
-103246, -98199
-103207, -98219
-102785, -98218
-102232, -98265
-101982, -98291
-102036, -98322
-102209, -98346
-102418, -98383
-102569, -98413
-102603, -98409
-102585, -98390
-102578, -98271
-102659, -98175
-102755, -98143
-102845, -98156
-102921, -98182
-103024, -98235
-103120, -98251
-103133, -98265
-102961, -98274
-102364, -98291
-101852, -98329
-101759, -98358
-101862, -98391
-102039, -98436
-102232, -98451
-102342, -98490
-102369, -98529
-102355, -98554
-102412, -98562
-102494, -98452
-102612, -98321
-102711, -98262
-102791, -98260
-102875, -98276
-102954, -98304
-103027, -98340
-102791, -98339
-102169, -98354
-101663, -98373
-101562, -98391
-101659, -98430
-101791, -98470
-101965, -98514
-102094, -98560
-102151, -98594
-102146, -98642
-102284, -98680
-102407, -98703
-102499, -98734
-102589, -98770
-102694, -98721
-102778, -98583
-102878, -98467
-102956, -98429
-102926, -98427
-102462, -98448
-101801, -98506
-101506, -98518
-101535, -98537
-101649, -98543
-101830, -98561
-101990, -98586
-102074, -98620
-102082, -98675
-102102, -98697
-102176, -98718
-102292, -98762
-102405, -98788
-102487, -98808
-102640, -98822
-102718, -98800
-102790, -98666
-102883, -98552
-102978, -98509
-103065, -98522
-103153, -98547
-103053, -98597
-102496, -98633
-101894, -98650
-101664, -98650
-101710, -98670
-101847, -98709
-102024, -98751
-102172, -98801
-102231, -98824
-102224, -98872
-102254, -98898
-102342, -98948
-102449, -98953
-102561, -98974
-102665, -98945
-102770, -98814
-102833, -98707
-102923, -98675
-102994, -98678
-103118, -98722
-103109, -98784
-102710, -98812
-102112, -98820
-101799, -98829
-101814, -98877
-101947, -98873
-102133, -98915
-102318, -98960
-102376, -99001
-102382, -99030
-102396, -99062
-102481, -99085
-102583, -99101
-102713, -99128
-102831, -99096
-102945, -98968
-103028, -98861
-103130, -98803
-103214, -98818
-103305, -98856
-103331, -98927
-102992, -98954
-102328, -98965
-101935, -98973
-101898, -99008
-102037, -99045
-102202, -99090
-102396, -99134
-102493, -99158
-102488, -99204
-102502, -99257
-102567, -99279
-102680, -99299
-102789, -99322
-102919, -99267
-103026, -99150
-103108, -99075
-103191, -99059
-103276, -99082
-103373, -99136
-103443, -99189
-103218, -99204
-102613, -99216
-102147, -99226
-102051, -99257
-102155, -99287
-102334, -99325
-102542, -99356
-102670, -99389
-102699, -99426
-102697, -99460
-102782, -99499
-102898, -99532
-103167, -99551
-103278, -99503
-103409, -99419
-103498, -99335
-103606, -99317
-103718, -99348
-103785, -99381
-103534, -99427
-102996, -99454
-102562, -99463
-102480, -99491
-102584, -99473
-102774, -99463
-102960, -99503
-103092, -99542
-103119, -99580
-103143, -99579
-103219, -99628
-103337, -99624
-103458, -99646
-103585, -99608
-103713, -99511
-103806, -99447
-103940, -99436
-104024, -99437
-104140, -99488
-104226, -99508
-104104, -99526
-103682, -99535
-103218, -99512
-103029, -99536
-103073, -99567
-103213, -99593
-103397, -99610
-103530, -99640
-103586, -99678
-103624, -99692
-103698, -99690
-103840, -99709
-103974, -99652
-104091, -99557
-104221, -99511
-104319, -99497
-104434, -99516
-104535, -99555
-104634, -99586
-104611, -99584
-104270, -99592
-103854, -99601
-103589, -99620
-103521, -99651
-103639, -99694
-103791, -99706
-103914, -99741
-103970, -99777
-103977, -99782
-104015, -99790
-104093, -99807
-104188, -99731
-104303, -99641
-104389, -99588
-104488, -99593
-104603, -99598
-104696, -99631
-104773, -99647
-104684, -99656
-104316, -99660
-103887, -99674
-103622, -99699
-103586, -99718
-103668, -99756
-103829, -99780
-103927, -99805
-103959, -99831
-103991, -99870
-104034, -99874
-104095, -99905
-104206, -99855
-104302, -99755
-104408, -99688
-104507, -99664
-104611, -99671
-104697, -99717
-104773, -99752
-104673, -99769
-104299, -99765
-103799, -99754
-103456, -99773
-103371, -99814
-103454, -99849
-103589, -99855
-103717, -99897
-103767, -99920
-103783, -99946
-103832, -99968
-103913, -99960
-104018, -99961
-104129, -99883
-104258, -99796
-104336, -99755
-104467, -99771
-104589, -99784
-104753, -99860
-104576, -99909
-104142, -99930
-103704, -99951
-103500, -99936
-103469, -99972
-103540, -99997
-103696, -100032
-103807, -100046
-103842, -100078
-103882, -100097
-103944, -100115
-104063, -100125
-104169, -100111
-104285, -100040
-104435, -99971
-104541, -99968
-104676, -99998
-104788, -100030
-104895, -100076
-104892, -100098
-104669, -100098
-104273, -100146
-103986, -100154
-103896, -100171
-103899, -100181
-104050, -100226
-104167, -100232
-104277, -100279
-104289, -100322
-104305, -100288
-104357, -100320
-104445, -100268
-104542, -100194
-104639, -100173
-104721, -100153
-104817, -100195
-104935, -100240
-105006, -100277
-104975, -100274
-104710, -100292
-104393, -100299
-104164, -100309
-104130, -100345
-104204, -100351
-104342, -100378
-104465, -100405
-104518, -100437
-104545, -100426
-104601, -100432
-104718, -100404
-104784, -100356
-104900, -100302
-105004, -100233
-105095, -100258
-105208, -100286
-105287, -100275
-105372, -100295
-105256, -100278
-105006, -100279
-104721, -100266
-104545, -100280
-104534, -100270
-104603, -100293
-104739, -100302
-104802, -100325
-104851, -100325
-104874, -100326
-104915, -100276
-105001, -100201
-105094, -100127
-105188, -100087
-105278, -100091
-105386, -100114
-105460, -100132
-105568, -100125
-105645, -100128
-105499, -100124
-105272, -100117
-105044, -100119
-104906, -100140
-104903, -100147
-104975, -100152
-105078, -100178
-105099, -100174
-105120, -100178
-105133, -100145
-105193, -100062
-105237, -99970
-105309, -99934
-105391, -99928
-105468, -99954
-105553, -99970
-105632, -99983
-105650, -99972
-105503, -99986
-105239, -99990
-104961, -99996
-104808, -100011
-104752, -100040
-104797, -100041
-104868, -100058
-104927, -100082
-105188, -100092
-104982, -100092
-105012, -100067
-105087, -99995
-105173, -99869
-105265, -99820
-105345, -99822
-105440, -99833
-105479, -99867
-105372, -99867
-105074, -99854
-104718, -99857
-104457, -99853
-104329, -99872
-104329, -99893
-104395, -99933
-104456, -99943
-104485, -99968
-104494, -99971
-104511, -99991
-104588, -99995
-104657, -99994
-104746, -99923
-104862, -99817
-104946, -99727
-105017, -99711
-105151, -99726
-105230, -99741
-105210, -99764
-104957, -99782
-104550, -99763
-104172, -99761
-103994, -99756
-103957, -99768
-104012, -99809
-104099, -99823
-104138, -99845
-104173, -99858
-104189, -99870
-104251, -99882
-104320, -99871
-104413, -99846
-104521, -99760
-104635, -99660
-104724, -99618
-104836, -99632
-104942, -99639
-105025, -99671
-104945, -99680
-104653, -99677
-104184, -99677
-103801, -99674
-103680, -99716
-103700, -99710
-103768, -99750
-103839, -99768
-103877, -99770
-103890, -99794
-103912, -99814
-103994, -99815
-104080, -99815
-104176, -99788
-104300, -99666
-104387, -99581
-104481, -99532
-104561, -99563
-104664, -99594
-104695, -99632
-104514, -99650
-104066, -99653
-103577, -99656
-103334, -99664
-103317, -99686
-103411, -99704
-103512, -99732
-103602, -99744
-103650, -99754
-103651, -99775
-103718, -99772
-103810, -99778
-103915, -99790
-104056, -99768
-104192, -99647
-104298, -99553
-104403, -99489
-104510, -99507
-104606, -99546
-104668, -99576
-104510, -99614
-104037, -99590
-103479, -99597
-103233, -99603
-103191, -99626
-103270, -99647
-103399, -99663
-103480, -99699
-103516, -99695
-103520, -99727
-103582, -99743
-103658, -99755
-103738, -99779
-103875, -99722
-104029, -99608
-104258, -99514
-104369, -99496
-104445, -99493
-104546, -99560
-104505, -99568
-104140, -99573
-103541, -99577
-103173, -99559
-103073, -99568
-103136, -99571
-103281, -99586
-103408, -99598
-103459, -99617
-103494, -99623
-103514, -99643
-103579, -99639
-103667, -99614
-103789, -99515
-103926, -99406
-104029, -99378
-104137, -99398
-104252, -99434
-104347, -99474
-104431, -99503
-104354, -99483
-103878, -99508
-103372, -99518
-103092, -99524
-103071, -99574
-103172, -99597
-103316, -99607
-103403, -99638
-103424, -99659
-103423, -99670
-103458, -99675
-103529, -99634
-103635, -99514
-103760, -99420
-103872, -99412
-103988, -99432
-104103, -99462
-104189, -99507
-104221, -99516
-103918, -99518
-103358, -99512
-102959, -99535
-102861, -99553
-102948, -99566
-103097, -99581
-103273, -99591
-103347, -99615
-103372, -99636
-103436, -99651
-103508, -99651
-103601, -99626
-103742, -99489
-103867, -99379
-104003, -99347
-104128, -99374
-104250, -99393
-104355, -99419
-104355, -99427
-104000, -99415
-103444, -99418
-103094, -99438
-103008, -99458
-103074, -99441
-103211, -99499
-103350, -99496
-103430, -99496
-103460, -99497
-103505, -99527
-103583, -99535
-103693, -99546
-103814, -99464
-103966, -99358
-104056, -99278
-104153, -99308
-104293, -99313
-104369, -99343
-104421, -99393
-104205, -99377
-103669, -99386
-103192, -99400
-102974, -99421
-102958, -99442
-103072, -99458
-103214, -99479
-103278, -99487
-103312, -99508
-103307, -99536
-103307, -99539
-103366, -99553
-103471, -99505
-103570, -99402
-103655, -99329
-103722, -99325
-103802, -99352
-103888, -99378
-103953, -99417
-103914, -99430
-103586, -99415
-103051, -99423
-102751, -99430
-102820, -99444
-103009, -99486
-103138, -99501
-103205, -99500
-103230, -99528
-103272, -99548
-103347, -99573
-103440, -99586
-103565, -99588
-103663, -99523
-103755, -99412
-103833, -99362
-103941, -99367
-104025, -99391
-104102, -99424
-103949, -99431
-103491, -99424
-103039, -99399
-102870, -99401
-102904, -99408
-103050, -99431
-103197, -99447
-103317, -99478
-103340, -99490
-103373, -99513
-103438, -99517
-103511, -99491
-103612, -99493
-103722, -99429
-103825, -99297
-103924, -99228
-104020, -99188
-104129, -99172
-104219, -99183
-104270, -99177
-104052, -99171
-103545, -99132
-103121, -99110
-102926, -99088
-102969, -99102
-103095, -99097
-103232, -99145
-103293, -99206
-103313, -99232
-103333, -99276
-103381, -99309
-103448, -99299
-103548, -99239
-103686, -99148
-103765, -99114
-103877, -99144
-103998, -99170
-104071, -99208
-104151, -99219
-104096, -99228
-103711, -99257
-103158, -99244
-102849, -99252
-102853, -99273
-102959, -99286
-103132, -99294
-103229, -99312
-103246, -99321
-103235, -99320
-103245, -99285
-103287, -99180
-103353, -99105
-103394, -99095
-103467, -99111
-103567, -99131
-103671, -99141
-103783, -99150
-103834, -99142
-103752, -99122
-103358, -99124
-102922, -99134
-102786, -99150
-102831, -99128
-102950, -99181
-103104, -99141
-103212, -99175
-103244, -99141
-103235, -99024
-103310, -98927
-103404, -98890
-103507, -98902
-103622, -98924
-103719, -98964
-103840, -98968
-103950, -98970
-103987, -98954
-103741, -98956
-103239, -98979
-102820, -98992
-102713, -99008
-102791, -99011
-102961, -99026
-103134, -99040
-103204, -99027
-103260, -98967
-103278, -98825
-103427, -98729
-103504, -98665
-103591, -98666
-103698, -98676
-103798, -98676
-103889, -98685
-103782, -98653
-103331, -98650
-102778, -98658
-102519, -98668
-102517, -98686
-102652, -98693
-102818, -98711
-102970, -98735
-103016, -98747
-103037, -98786
-103067, -98796
-103130, -98771
-103230, -98675
-103313, -98542
-103400, -98481
-103511, -98467
-103564, -98485
-103668, -98501
-103491, -98530
-102940, -98526
-102425, -98522
-102217, -98519
-102226, -98533
-102356, -98568
-102534, -98571
-102654, -98612
-102701, -98626
-102696, -98634
-102733, -98669
-102811, -98678
-102917, -98688
-103012, -98699
-103124, -98693
-103197, -98592
-103276, -98460
-103359, -98389
-103430, -98386
-103456, -98407
-103183, -98420
-102581, -98465
-102158, -98445
-102061, -98443
-102116, -98461
-102272, -98471
-102442, -98496
-102541, -98522
-102585, -98550
-102608, -98549
-102655, -98581
-102761, -98580
-102863, -98571
-102972, -98583
-103073, -98582
-103155, -98551
-103230, -98421
-103288, -98309
-103382, -98273
-103451, -98278
-103502, -98290
-103326, -98311
-102767, -98321
-102249, -98305
-102102, -98291
-102152, -98309
-102287, -98320
-102464, -98327
-102583, -98350
-102636, -98365
-102615, -98387
-102671, -98396
-102768, -98412
-102839, -98426
-102977, -98419
-103065, -98395
-103157, -98305
-103222, -98200
-103296, -98139
-103360, -98180
-103422, -98185
-103466, -98212
-103258, -98233
-102692, -98217
-102236, -98214
-102125, -98204
-102196, -98223
-102362, -98241
-102517, -98266
-102620, -98280
-102619, -98293
-102624, -98323
-102666, -98328
-102742, -98353
-102847, -98363
-102929, -98374
-102993, -98369
-103099, -98291
-103154, -98169
-103328, -98122
-103368, -98111
-103273, -98129
-102772, -98166
-102247, -98168
-102051, -98171
-102095, -98147
-102216, -98150
-102394, -98150
-102516, -98167
-102564, -98194
-102558, -98211
-102581, -98225
-102633, -98238
-102726, -98253
-102831, -98283
-102914, -98282
-103014, -98286
-103087, -98229
-103167, -98114
-103234, -98040
-103325, -97995
-103357, -98020
-103405, -98030
-103096, -98054
-102486, -98042
-102080, -98027
-101986, -98013
-102075, -98006
-102233, -98039
-102383, -98028
-102464, -98054
-102469, -98065
-102466, -98072
-102491, -98080
-102576, -98079
-102675, -98067
-102767, -97995
-102855, -97870
-102933, -97821
-103009, -97824
-103084, -97841
-103152, -97873
-103237, -97882
-103169, -97868
-102725, -97850
-102164, -97834
-101935, -97844
-101954, -97852
-102105, -97872
-102283, -97889
-102387, -97900
-102442, -97934
-102411, -97906
-102422, -97917
-102470, -97894
-102562, -97761
-102661, -97654
-102729, -97620
-102815, -97606
-102872, -97611
-102951, -97626
-102994, -97642
-102887, -97646
-102406, -97629
-101914, -97632
-101763, -97643
-101836, -97661
-101999, -97696
-102186, -97710
-102278, -97733
-102304, -97749
-102281, -97753
-102309, -97773
-102354, -97775
-102459, -97751
-102555, -97642
-102612, -97574
-102702, -97542
-102773, -97545
-102835, -97595
-102901, -97610
-102779, -97614
-102282, -97613
-101742, -97618
-101548, -97619
-101611, -97659
-101749, -97692
-101930, -97721
-102053, -97737
-102094, -97757
-102075, -97800
-102097, -97812
-102164, -97821
-102263, -97840
-102359, -97817
-102466, -97722
-102528, -97622
-102595, -97601
-102671, -97622
-102722, -97654
-102800, -97678
-102638, -97706
-101629, -97697
-101517, -97688
-101620, -97691
-101777, -97722
-101956, -97727
-102066, -97759
-102090, -97777
-102100, -97799
-102121, -97821
-102197, -97837
-102310, -97849
-102406, -97858
-102505, -97782
-102594, -97665
-102659, -97605
-102730, -97610
-102807, -97639
-102859, -97676
-102816, -97701
-102379, -97706
-101855, -97698
-101657, -97703
-101710, -97710
-101884, -97742
-102066, -97765
-102178, -97803
-102230, -97828
-102204, -97844
-102242, -97878
-102309, -97898
-102395, -97892
-102484, -97896
-102580, -97788
-102664, -97682
-102718, -97657
-102795, -97673
-102859, -97720
-102909, -97761
-102705, -97805
-102161, -97789
-101758, -97791
-101699, -97800
-101802, -97814
-101972, -97855
-102142, -97883
-102222, -97924
-102235, -97970
-102231, -98001
-102257, -98023
-102351, -98066
-102427, -98075
-102525, -98085
-102618, -97996
-102679, -97882
-102732, -97835
-102798, -97816
-102864, -97852
-102884, -97884
-102583, -97925
-102038, -97931
-101653, -97922
-101623, -97927
-101721, -97952
-101895, -97966
-102066, -97984
-102146, -98026
-102153, -98035
-102154, -98051
-102212, -98079
-102277, -98080
-102378, -98103
-102466, -98053
-102562, -97938
-102636, -97860
-102684, -97838
-102797, -97852
-102843, -97895
-102896, -97924
-102801, -97925
-102282, -97904
-101792, -97923
-101620, -97903
-101682, -97935
-101821, -97961
-102023, -98006
-102128, -98018
-102182, -98052
-102154, -98077
-102197, -98096
-102276, -98111
-102345, -98111
-102449, -98012
-102523, -97905
-102585, -97855
-102656, -97871
-102727, -97883
-102795, -97934
-102837, -97957
-102577, -97966
-102014, -97955
-101633, -97959
-101612, -97982
-101724, -98022
-102087, -98051
-102143, -98063
-102154, -98111
-102136, -98133
-102198, -98143
-102262, -98178
-102349, -98200
-102435, -98221
-102514, -98143
-102590, -98024
-102653, -97955
-102735, -97930
-102806, -97964
-102782, -97987
-102366, -98028
-101785, -98038
-101518, -98025
-101537, -98034
-101684, -98036
-101842, -98065
-102020, -98085
-102073, -98109
-102048, -98115
-102094, -98139
-102141, -98145
-102219, -98170
-102342, -98177
-102430, -98171
-102529, -98102
-102609, -97973
-102675, -97908
-102760, -97908
-102818, -97925
-102884, -97973
-102669, -98005
-102115, -97992
-101648, -97989
-101530, -97980
-101635, -98012
-101777, -98039
-101974, -98059
-102089, -98091
-102100, -98101
-102099, -98118
-102132, -98144
-102206, -98183
-102313, -98196
-102400, -98218
-102465, -98142
-102578, -98021
-102616, -97936
-102710, -97950
-102786, -97953
-102833, -97995
-102674, -98039
-102130, -98016
-101669, -98024
-101570, -98008
-101677, -98039
-101831, -98065
-102038, -98095
-102127, -98119
-102142, -98172
-102119, -98190
-102181, -98213
-102247, -98242
-102353, -98261
-102455, -98270
-102554, -98258
-102649, -98155
-102714, -98028
-102792, -97986
-102882, -97992
-102927, -98009
-102855, -98038
-102362, -98058
-101762, -98048
-101547, -98036
-101606, -98043
-101735, -98069
-101911, -98087
-102048, -98091
-102099, -98128
-102091, -98131
-102123, -98151
-102193, -98149
-102299, -98160
-102385, -98152
-102502, -98046
-102593, -97937
-102686, -97901
-102770, -97905
-102847, -97912
-102931, -97959
-102999, -97973
-102870, -97956
-102291, -97932
-101754, -97911
-101583, -97926
-101631, -97964
-101789, -97977
-101965, -98014
-102133, -98019
-102125, -98015
-102138, -98034
-102215, -98048
-102295, -98036
-102399, -97965
-102485, -97849
-102567, -97801
-102651, -97803
-102725, -97823
-102791, -97885
-102757, -97908
-102313, -97911
-101742, -97906
-101519, -97904
-101558, -97940
-101715, -97954
-101881, -97989
-102054, -98014
-102083, -98034
-102046, -98054
-102047, -98066
-102090, -98085
-102206, -98077
-102296, -98082
-102363, -98008
-102450, -97884
-102512, -97855
-102581, -97856
-102637, -97879
-102669, -97889
-102365, -97926
-101754, -97918
-101346, -97907
-101310, -97914
-101425, -97932
-101590, -97968
-101779, -97981
-101850, -97998
-101840, -98011
-101826, -98019
-101870, -98016
-101959, -98035
-102072, -98042
-102164, -98043
-102224, -97975
-102299, -97831
-102362, -97776
-102408, -97770
-102508, -97766
-102539, -97774
-102284, -97801
-101689, -97772
-101254, -97756
-101190, -97765
-101304, -97746
-101458, -97762
-101641, -97764
-101712, -97763
-101708, -97780
-101679, -97786
-101727, -97793
-101840, -97787
-101912, -97778
-102031, -97664
-102118, -97562
-102183, -97529
-102232, -97515
-102315, -97522
-102402, -97556
-102452, -97568
-102381, -97549
-101867, -97531
-101326, -97535
-101118, -97548
-101224, -97565
-101335, -97575
-101536, -97601
-101659, -97598
-101636, -97627
-101601, -97655
-101618, -97637
-101680, -97658
-101776, -97580
-101866, -97462
-101932, -97386
-101995, -97364
-102076, -97363
-102130, -97401
-102199, -97439
-102000, -97444
-101428, -97442
-100986, -97457
-100909, -97474
-101036, -97493
-101189, -97509
-101386, -97546
-101448, -97575
-101437, -97589
-101392, -97617
-101435, -97640
-101543, -97660
-101625, -97692
-101796, -97696
-101842, -97703
-101894, -97665
-101958, -97511
-102013, -97402
-102002, -97384
-101552, -97387
-100931, -97410
-100656, -97454
-100665, -97478
-100767, -97464
-100913, -97479
-101085, -97495
-101142, -97519
-101121, -97549
-101136, -97576
-101194, -97607
-101293, -97629
-101386, -97656
-101477, -97676
-101562, -97698
-101653, -97718
-101707, -97737
-101775, -97746
-101804, -97747
-101876, -97678
-101950, -97548
-101983, -97459
-101732, -97448
-101047, -97435
-100586, -97468
-100502, -97494
-100580, -97485
-100692, -97477
-100867, -97474
-101000, -97481
-101008, -97497
-100995, -97517
-101027, -97525
-101131, -97554
-101226, -97576
-101325, -97591
-101436, -97593
-101516, -97635
-101598, -97650
-101654, -97647
-101736, -97606
-101770, -97486
-101855, -97391
-101947, -97353
-101977, -97357
-101788, -97375
-101145, -97414
-100644, -97435
-100555, -97428
-100638, -97422
-100765, -97443
-100931, -97458
-101061, -97491
-101058, -97517
-101033, -97545
-101067, -97568
-101153, -97582
-101257, -97600
-101338, -97614
-101437, -97633
-101514, -97659
-101593, -97676
-101631, -97678
-101712, -97633
-101783, -97510
-101846, -97414
-101854, -97356
-101410, -97349
-100795, -97370
-100504, -97420
-100504, -97439
-100633, -97420
-100795, -97422
-100968, -97456
-101042, -97456
-101031, -97475
-101034, -97526
-101108, -97548
-101190, -97578
-101293, -97599
-101398, -97629
-101481, -97627
-101573, -97646
-101640, -97680
-101709, -97666
-101762, -97678
-101817, -97608
-101885, -97489
-101961, -97404
-102006, -97368
-101709, -97359
-101033, -97387
-100551, -97416
-100481, -97418
-100582, -97413
-100699, -97411
-101034, -97425
-101033, -97432
-101030, -97458
-101065, -97473
-101151, -97469
-101261, -97504
-101348, -97522
-101456, -97538
-101551, -97561
-101643, -97566
-101712, -97590
-101790, -97506
-101855, -97390
-101913, -97304
-102009, -97277
-102061, -97283
-101798, -97314
-101127, -97350
-100639, -97352
-100579, -97331
-100686, -97347
-100839, -97358
-101015, -97388
-101142, -97400
-101142, -97438
-101098, -97454
-101151, -97470
-101247, -97486
-101340, -97511
-101428, -97520
-101530, -97525
-101626, -97550
-101674, -97479
-101749, -97350
-101811, -97274
-101884, -97260
-101949, -97263
-101765, -97303
-101136, -97332
-100617, -97344
-100496, -97334
-100576, -97332
-100723, -97342
-100933, -97367
-101056, -97395
-101077, -97420
-101065, -97429
-101090, -97445
-101174, -97465
-101279, -97490
-101377, -97482
-101471, -97495
-101574, -97455
-101646, -97340
-101702, -97256
-101767, -97187
-101845, -97183
-101899, -97208
-101851, -97238
-101341, -97244
-100708, -97240
-100453, -97230
-100480, -97220
-100622, -97234
-100786, -97269
-100966, -97290
-101021, -97314
-101012, -97348
-101024, -97360
-101087, -97381
-101182, -97386
-101277, -97381
-101378, -97319
-101461, -97205
-101515, -97124
-101611, -97106
-101662, -97140
-101751, -97167
-101782, -97179
-101512, -97202
-100904, -97198
-100478, -97223
-100424, -97242
-100538, -97266
-100714, -97308
-100908, -97342
-101009, -97371
-101005, -97394
-100956, -97409
-101007, -97441
-101090, -97463
-101182, -97468
-101270, -97412
-101354, -97269
-101417, -97177
-101504, -97157
-101588, -97156
-101635, -97179
-101614, -97220
-101168, -97233
-100579, -97240
-100295, -97235
-100458, -97274
-100627, -97286
-100808, -97325
-100863, -97371
-100844, -97361
-100859, -97413
-100892, -97419
-100987, -97446
-101103, -97479
-101184, -97482
-101298, -97498
-101357, -97413
-101416, -97274
-101495, -97232
-101567, -97230
-101605, -97230
-101455, -97270
-100856, -97280
-100301, -97277
-100174, -97265
-100272, -97239
-100400, -97289
-100580, -97309
-100752, -97316
-100771, -97353
-100741, -97383
-100803, -97394
-100855, -97423
-100970, -97441
-101049, -97438
-101167, -97337
-101250, -97211
-101327, -97184
-101408, -97168
-101472, -97197
-101549, -97232
-101573, -97243
-101326, -97224
-100728, -97205
-100323, -97201
-100281, -97220
-100389, -97262
-100567, -97275
-100766, -97278
-100877, -97311
-100874, -97318
-100862, -97326
-100887, -97314
-100958, -97190
-101061, -97093
-101156, -97062
-101216, -97072
-101302, -97086
-101380, -97123
-101460, -97160
-101526, -97125
-101374, -97137
-100839, -97138
-100406, -97168
-100306, -97200
-100425, -97239
-100615, -97261
-100822, -97297
-100914, -97317
-100909, -97334
-100867, -97306
-100900, -97193
-100974, -97132
-101071, -97117
-101169, -97141
-101249, -97165
-101329, -97215
-101413, -97244
-101444, -97240
-101241, -97248
-100723, -97273
-100305, -97313
-100272, -97330
-100412, -97376
-100572, -97418
-100783, -97450
-100866, -97479
-100870, -97515
-100885, -97567
-100951, -97583
-101051, -97501
-101160, -97437
-101270, -97425
-101387, -97437
-101500, -97470
-101592, -97505
-101653, -97556
-101394, -97564
-100879, -97585
-100569, -97622
-100547, -97662
-100649, -97703
-100810, -97753
-101016, -97808
-101106, -97853
-101180, -97901
-101202, -97947
-101415, -97999
-101565, -98034
-101681, -98071
-101814, -98091
-101940, -98088
-102063, -98033
-102172, -98001
-102281, -98001
-102223, -98019
-101812, -98057
-101405, -98092
-101230, -98094
-101293, -98098
-101417, -98119
-101606, -98138
-101768, -98161
-101852, -98190
-101902, -98205
-101948, -98241
-102065, -98253
-102193, -98281
-102321, -98302
-102419, -98303
-102596, -98314
-102694, -98292
-102810, -98247
-102933, -98212
-103058, -98177
-103172, -98198
-103260, -98205
-103199, -98214
-102952, -98242
-102655, -98246
-102464, -98259
-102420, -98263
-102504, -98282
-102643, -98315
-102748, -98327
-102836, -98336
-102900, -98377
-102971, -98388
-103075, -98420
-103166, -98438
-103272, -98432
-103364, -98440
-103463, -98409
-103545, -98380
-103646, -98348
-103737, -98345
-103836, -98351
-103820, -98374
-103689, -98399
-103532, -98390
-103411, -98394
-103360, -98418
-103367, -98400
-103463, -98437
-103515, -98451
-103552, -98468
-103592, -98491
-103642, -98496
-103696, -98513
-103775, -98537
-103858, -98553
-103941, -98552
-104019, -98564
-104077, -98558
-104137, -98504
-104224, -98463
-104300, -98422
-104357, -98416
-104288, -98421
-104097, -98418
-103954, -98452
-103840, -98435
-103809, -98435
-103788, -98440
-103822, -98445
-103877, -98447
-103862, -98468
-103880, -98487
-103899, -98468
-103955, -98495
-104021, -98490
-104086, -98501
-104153, -98511
-104215, -98512
-104269, -98503
-104315, -98508
-104376, -98448
-104427, -98371
-104472, -98336
-104497, -98296
-104413, -98285
-104238, -98293
-104082, -98299
-103978, -98288
-103923, -98263
-103942, -98251
-103961, -98249
-103984, -98243
-104001, -98251
-103994, -98252
-104067, -98260
-104101, -98233
-104160, -98258
-104216, -98239
-104268, -98211
-104310, -98216
-104371, -98158
-104422, -98086
-104497, -98025
-104554, -98008
-104599, -98023
-104574, -98023
-104408, -98038
-104237, -98026
-104111, -98024
-104023, -98014
-104009, -98023
-104032, -98023
-104069, -98039
-104056, -98054
-104051, -98057
-104032, -98067
-104064, -98069
-104127, -98077
-104143, -98076
-104218, -98073
-104261, -98042
-104297, -97969
-104357, -97891
-104427, -97828
-104472, -97845
-104482, -97864
-104360, -97904
-104131, -97909
-103935, -97909
-103782, -97915
-103697, -97911
-103701, -97929
-103728, -97950
-103744, -97961
-103729, -97982
-103728, -98002
-103749, -98019
-103774, -98024
-103808, -98045
-103870, -98060
-103933, -98062
-103983, -98072
-104069, -98070
-104151, -98049
-104198, -97961
-104280, -97903
-104288, -97854
-104092, -97886
-103779, -97907
-103415, -97928
-103175, -97932
-103034, -97932
-103007, -97930
-103046, -97923
-103088, -97951
-103081, -97961
-103062, -98000
-103109, -98011
-103181, -98034
-103269, -98055
-103365, -98067
-103469, -98084
-103565, -98119
-103674, -98111
-103764, -98131
-103849, -98113
-103943, -98000
-104019, -97947
-104108, -97901
-104137, -97907
-103903, -97924
-103495, -97950
-103021, -97957
-102750, -97961
-102670, -97945
-102701, -97942
-102823, -97963
-102904, -97986
-102927, -98003
-102936, -98029
-102986, -98050
-103081, -98049
-103199, -98081
-103313, -98082
-103432, -98076
-103540, -98049
-103649, -97955
-103737, -97887
-103839, -97857
-103940, -97889
-104029, -97916
-104093, -97969
-103957, -97987
-103563, -97992
-103133, -97980
-102856, -97995
-102828, -98022
-102938, -98035
-103008, -98077
-103037, -98114
-103028, -98106
-103069, -98138
-103127, -98165
-103221, -98182
-103335, -98198
-103444, -98203
-103549, -98190
-103646, -98096
-103747, -98004
-103835, -97964
-103901, -97984
-103785, -98017
-103381, -98048
-102838, -98068
-102552, -98077
-102482, -98088
-102562, -98108
-102707, -98115
-102782, -98154
-102868, -98183
-102860, -98204
-102892, -98251
-102976, -98263
-103066, -98285
-103154, -98315
-103268, -98332
-103364, -98324
-103457, -98338
-103543, -98290
-103635, -98167
-103706, -98094
-103777, -98084
-103755, -98133
-103386, -98162
-102787, -98193
-102346, -98203
-102258, -98211
-102318, -98219
-102452, -98245
-102602, -98267
-102683, -98297
-102704, -98333
-102724, -98339
-102783, -98378
-102860, -98399
-103002, -98402
-103103, -98443
-103201, -98454
-103328, -98468
-103405, -98453
-103486, -98397
-103560, -98281
-103622, -98232
-103706, -98222
-103634, -98239
-103209, -98273
-102581, -98269
-102205, -98249
-102166, -98253
-102257, -98244
-102429, -98262
-102573, -98281
-102653, -98310
-102654, -98354
-102688, -98378
-102762, -98403
-102862, -98412
-102983, -98423
-103077, -98420
-103191, -98428
-103263, -98330
-103365, -98240
-103454, -98205
-103497, -98220
-103602, -98242
-103670, -98274
-103575, -98315
-103093, -98278
-102538, -98290
-102238, -98291
-102205, -98300
-102324, -98319
-102510, -98339
-102620, -98363
-102673, -98362
-102654, -98389
-102677, -98409
-102755, -98394
-102856, -98410
-102977, -98351
-103073, -98236
-103157, -98147
-103226, -98114
-103303, -98132
-103387, -98151
-103442, -98183
-103411, -98166
-103039, -98156
-102478, -98146
-102186, -98146
-102328, -98151
-102521, -98181
-102664, -98195
-102713, -98199
-102692, -98227
-102710, -98239
-102771, -98273
-102857, -98263
-102985, -98255
-103052, -98188
-103146, -98058
-103224, -97972
-103294, -97959
-103365, -97972
-103416, -97971
-103267, -97997
-102724, -98001
-102185, -97977
-101981, -97972
-102027, -97988
-102174, -98007
-102334, -98043
-102475, -98072
-102475, -98086
-102454, -98114
-102488, -98131
-102547, -98141
-102669, -98172
-102752, -98206
-102846, -98205
-102938, -98087
-103016, -97974
-103095, -97945
-103157, -97932
-103200, -97944
-102984, -97976
-102371, -97998
-101796, -97988
-101602, -97997
-101621, -98000
-101725, -98021
-101904, -98057
-102036, -98102
-102073, -98144
-102069, -98172
-102112, -98192
-102187, -98227
-102280, -98243
-102413, -98259
-102508, -98260
-102603, -98158
-102690, -98032
-102764, -97953
-102850, -97965
-102914, -97970
-102898, -97982
-102479, -98033
-101809, -98027
-101427, -98013
-101371, -98010
-101444, -98029
-101574, -98049
-101757, -98075
-101860, -98106
-101897, -98128
-101898, -98164
-101957, -98183
-102044, -98179
-102168, -98189
-102273, -98117
-102378, -98000
-102483, -97935
-102549, -97927
-102637, -97935
-102745, -97965
-102800, -97998
-102704, -98010
-102197, -97976
-101597, -97991
-101373, -98005
-101394, -98043
-101516, -98091
-101712, -98109
-101848, -98137
-101892, -98168
-101872, -98191
-101898, -98206
-101987, -98221
-102080, -98153
-102197, -98033
-102299, -97935
-102396, -97926
-102470, -97930
-102531, -97951
-102605, -98004
-102601, -98022
-102184, -98019
-101604, -98020
-101285, -98039
-101289, -98071
-101435, -98110
-101581, -98166
-101833, -98175
-101832, -98210
-101863, -98248
-101936, -98240
-102035, -98264
-102148, -98228
-102260, -98127
-102343, -98055
-102425, -98046
-102517, -98071
-102601, -98083
-102634, -98129
-102387, -98150
-101779, -98136
-101325, -98146
-101199, -98175
-101282, -98199
-101444, -98234
-101627, -98267
-101734, -98292
-101765, -98321
-101758, -98343
-101817, -98348
-101913, -98381
-101999, -98337
-102115, -98240
-102216, -98159
-102290, -98159
-102402, -98176
-102486, -98181
-102560, -98245
-102461, -98259
-101939, -98240
-101431, -98241
-101246, -98242
-101283, -98274
-101419, -98299
-101641, -98329
-101764, -98340
-101815, -98373
-101836, -98384
-101873, -98410
-101961, -98374
-102076, -98270
-102197, -98195
-102302, -98189
-102412, -98208
-102498, -98245
-102626, -98272
-102703, -98297
-102666, -98298
-102274, -98305
-101734, -98289
-101478, -98341
-101520, -98363
-101650, -98394
-101859, -98414
-102027, -98463
-102061, -98478
-102060, -98468
-102072, -98486
-102152, -98377
-102244, -98280
-102355, -98237
-102465, -98256
-102562, -98271
-102666, -98306
-102750, -98331
-102789, -98334
-102491, -98338
-101940, -98349
-101597, -98379
-101589, -98405
-101714, -98439
-101932, -98461
-102103, -98504
-102129, -98544
-102156, -98532
-102152, -98561
-102236, -98527
-102337, -98398
-102446, -98333
-102529, -98334
-102628, -98352
-102728, -98374
-102813, -98418
-102888, -98449
-102725, -98452
-102189, -98461
-101694, -98491
-101530, -98503
-101593, -98543
-101737, -98578
-101929, -98614
-102062, -98633
-102103, -98676
-102096, -98679
-102155, -98693
-102232, -98638
-102342, -98530
-102492, -98470
-102583, -98479
-102787, -98490
-102888, -98527
-102933, -98571
-102760, -98562
-102190, -98542
-101738, -98550
-101633, -98560
-101710, -98562
-101866, -98592
-102061, -98603
-102190, -98613
-102235, -98635
-102247, -98641
-102309, -98637
-102423, -98620
-102531, -98531
-102658, -98435
-102766, -98410
-102865, -98439
-102978, -98469
-103063, -98511
-103134, -98520
-102901, -98507
-102426, -98508
-102021, -98515
-101953, -98541
-102059, -98570
-102229, -98570
-102433, -98610
-102534, -98624
-102546, -98632
-102550, -98650
-102612, -98653
-102694, -98607
-102800, -98505
-102891, -98487
-102996, -98488
-103084, -98515
-103173, -98565
-103247, -98598
-103241, -98618
-102903, -98615
-102396, -98621
-102127, -98637
-102128, -98667
-102252, -98700
-102427, -98720
-102590, -98738
-102607, -98745
-102661, -98768
-102686, -98767
-102739, -98766
-102836, -98748
-102939, -98619
-103025, -98576
-103120, -98580
-103209, -98578
-103288, -98622
-103354, -98661
-103250, -98674
-102814, -98660
-102321, -98670
-102117, -98695
-102138, -98704
-102254, -98738
-102431, -98757
-102558, -98773
-102614, -98798
-102637, -98797
-102686, -98791
-102766, -98804
-102874, -98751
-102971, -98631
-103090, -98535
-103156, -98527
-103288, -98540
-103370, -98573
-103429, -98596
-103394, -98607
-103026, -98569
-102476, -98572
-102206, -98581
-102191, -98589
-102306, -98617
-102479, -98655
-102631, -98667
-102699, -98708
-102698, -98718
-102746, -98724
-102807, -98732
-102927, -98668
-103029, -98557
-103125, -98495
-103220, -98497
-103293, -98517
-103385, -98565
-103450, -98591
-103478, -98591
-103237, -98583
-102717, -98588
-102300, -98607
-102240, -98626
-102338, -98655
-102477, -98698
-102730, -98714
-102737, -98730
-102741, -98756
-102789, -98760
-102885, -98769
-102978, -98782
-103082, -98700
-103167, -98581
-103257, -98506
-103340, -98498
-103411, -98511
-103431, -98555
-103161, -98579
-102584, -98592
-102204, -98587
-102137, -98594
-102223, -98607
-102404, -98650
-102580, -98659
-102661, -98681
-102681, -98708
-102692, -98740
-102761, -98751
-102865, -98772
-102960, -98780
-103095, -98781
-103189, -98683
-103286, -98530
-103360, -98479
-103445, -98444
-103519, -98457
-103555, -98486
-103316, -98512
-102716, -98510
-102235, -98491
-102097, -98487
-102159, -98497
-102324, -98521
-102501, -98541
-102621, -98573
-102648, -98587
-102660, -98600
-102709, -98620
-102810, -98639
-102926, -98653
-103046, -98602
-103149, -98497
-103234, -98400
-103329, -98385
-103413, -98407
-103472, -98442
-103553, -98500
-103439, -98493
-102888, -98514
-102322, -98520
-102089, -98536
-102142, -98575
-102290, -98611
-102485, -98628
-102605, -98649
-102635, -98671
-102598, -98688
-102640, -98724
-102705, -98723
-102806, -98745
-102930, -98673
-103032, -98543
-103121, -98470
-103187, -98457
-103265, -98480
-103344, -98529
-103326, -98546
-102957, -98568
-102301, -98571
-101967, -98573
-101928, -98604
-102046, -98634
-102268, -98670
-102444, -98687
-102516, -98751
-102511, -98762
-102505, -98785
-102588, -98819
-102684, -98824
-102797, -98842
-102913, -98767
-103018, -98646
-103100, -98571
-103185, -98542
-103273, -98570
-103337, -98591
-103308, -98633
-102876, -98625
-102226, -98613
-101868, -98605
-101847, -98614
-101985, -98635
-102177, -98651
-102344, -98677
-102394, -98679
-102414, -98708
-102446, -98718
-102643, -98735
-102752, -98729
-102872, -98634
-102984, -98539
-103071, -98457
-103154, -98475
-103254, -98472
-103333, -98513
-103375, -98527
-103079, -98531
-102443, -98527
-101974, -98528
-101889, -98541
-102010, -98555
-102203, -98569
-102397, -98608
-102470, -98633
-102468, -98664
-102453, -98676
-102515, -98680
-102610, -98660
-102715, -98542
-102813, -98433
-102927, -98396
-103012, -98412
-103086, -98414
-103182, -98461
-103191, -98463
-102865, -98481
-102225, -98481
-101825, -98462
-101772, -98496
-101900, -98539
-102095, -98551
-102282, -98586
-102368, -98614
-102349, -98635
-102363, -98656
-102431, -98685
-102527, -98688
-102616, -98609
-102729, -98477
-102809, -98399
-102903, -98397
-103018, -98393
-103082, -98426
-103066, -98423
-102633, -98423
-101935, -98443
-101612, -98438
-101598, -98473
-101679, -98505
-101889, -98516
-102055, -98526
-102125, -98571
-102118, -98578
-102143, -98599
-102223, -98621
-102307, -98625
-102433, -98646
-102549, -98559
-102666, -98455
-102748, -98410
-102829, -98416
-102913, -98435
-102962, -98482
-102848, -98502
-102257, -98514
-101675, -98498
-101439, -98491
-101507, -98514
-101669, -98547
-101831, -98575
-101993, -98597
-102004, -98620
-102012, -98627
-102021, -98662
-102091, -98684
-102217, -98678
-102325, -98697
-102429, -98668
-102521, -98523
-102634, -98440
-102704, -98428
-102797, -98445
-102890, -98482
-102835, -98512
-102330, -98513
-101735, -98492
-101459, -98485
-101474, -98486
-101632, -98499
-101817, -98531
-102004, -98546
-102044, -98569
-102055, -98588
-102059, -98609
-102148, -98605
-102258, -98617
-102366, -98569
-102486, -98453
-102603, -98362
-102690, -98340
-102875, -98362
-102940, -98373
-102993, -98419
-102783, -98426
-102167, -98405
-101679, -98411
-101571, -98409
-101682, -98432
-101875, -98466
-102081, -98484
-102159, -98506
-102160, -98527
-102145, -98540
-102175, -98569
-102275, -98566
-102370, -98583
-102487, -98521
-102573, -98386
-102646, -98317
-102735, -98307
-102825, -98304
-102888, -98335
-102760, -98363
-102233, -98376
-101665, -98363
-101474, -98369
-101537, -98370
-101699, -98405
-101906, -98438
-102023, -98435
-102063, -98466
-102050, -98502
-102095, -98517
-102163, -98533
-102273, -98553
-102388, -98583
-102499, -98583
-102594, -98565
-102651, -98446
-102750, -98323
-102814, -98318
-102866, -98342
-102720, -98351
-102122, -98404
-101513, -98422
-101306, -98403
-101350, -98410
-101493, -98415
-101686, -98441
-101853, -98457
-101863, -98503
-101873, -98517
-101899, -98521
-101987, -98570
-102072, -98588
-102191, -98607
-102293, -98656
-102412, -98664
-102493, -98672
-102579, -98594
-102661, -98454
-102742, -98381
-102810, -98364
-102850, -98386
-102542, -98443
-101861, -98473
-101358, -98472
-101271, -98455
-101373, -98458
-101526, -98458
-101709, -98487
-101835, -98524
-101867, -98533
-101843, -98549
-101913, -98568
-102000, -98597
-102112, -98608
-102242, -98595
-102350, -98577
-102437, -98458
-102536, -98326
-102616, -98291
-102685, -98311
-102776, -98318
-102842, -98379
-102797, -98390
-102310, -98385
-101691, -98377
-101378, -98375
-101388, -98395
-101522, -98433
-101722, -98443
-101891, -98463
-101959, -98491
-101960, -98503
-101966, -98503
-102038, -98519
-102135, -98429
-102215, -98289
-102339, -98223
-102447, -98206
-102515, -98235
-102699, -98255
-102751, -98288
-102622, -98290
-102091, -98279
-101543, -98271
-101381, -98289
-101460, -98318
-101637, -98340
-101861, -98362
-101957, -98387
-101966, -98413
-101947, -98427
-101978, -98462
-102040, -98461
-102149, -98335
-102239, -98211
-102338, -98162
-102418, -98174
-102518, -98191
-102592, -98235
-102643, -98242
-102352, -98252
-101711, -98254
-101276, -98272
-101191, -98302
-101301, -98339
-101477, -98352
-101664, -98378
-101737, -98421
-101739, -98424
-101737, -98460
-101795, -98475
-101871, -98484
-101982, -98385
-102076, -98256
-102158, -98184
-102236, -98191
-102325, -98204
-102393, -98231
-102386, -98256
-101982, -98261
-101347, -98256
-101002, -98268
-100994, -98287
-101114, -98307
-101296, -98338
-101463, -98359
-101506, -98389
-101514, -98390
-101530, -98429
-101563, -98438
-101687, -98454
-101773, -98432
-101858, -98328
-101944, -98196
-102021, -98147
-102091, -98162
-102165, -98181
-102220, -98218
-102054, -98231
-101486, -98262
-100992, -98287
-100882, -98305
-100987, -98384
-101117, -98407
-101314, -98439
-101419, -98494
-101414, -98534
-101399, -98543
-101450, -98538
-101535, -98524
-101636, -98460
-101739, -98418
-101791, -98282
-101877, -98162
-101956, -98127
-102013, -98164
-102091, -98186
-102122, -98207
-101977, -98241
-101419, -98227
-100933, -98231
-100812, -98270
-100941, -98323
-101119, -98388
-101308, -98424
-101436, -98477
-101459, -98515
-101419, -98557
-101468, -98569
